Title,Channel,Views,Duration,Description,Upload_date,Video_link,Channel_link
Deepseek | China's New AI Model Destroys American ChatGPT | Dhruv Rathee,Dhruv Rathee,"8,882,159 views",19:39,"ğŸ¤– Join AI Chatbots Course: https://academy.dhruvrathee.com/chatgpt
Use coupon code: DEEP46 for a 46% discount!
Note: The Course is in Hindi with English Subtitles

A groundbreaking AI chatbot named 'DeepSeek R1' launched by a Chinese research lab on January 20, 2025, has sent shockwaves across the globe, outperforming leading AI models from giants like OpenAI, Meta, and Google in efficiency and cost. This chatbot, revealed to be superior in various benchmarks, has not only taken the tech world by surprise but also became the most downloaded app in the US and India within a week. DeepSeek's innovative training approach utilizes fewer resources, challenging the norms set by current AI technologies. Despite its capabilities, it's not without controversies, especially regarding the avoidance of sensitive topics and allegations of data theft from competitors. However, its open-source nature suggests a new era of AI development, proving that high-level AI innovation is not limited to American tech companies and inspiring a competitive spirit worldwide. Let's explore what makes DeepSeek a formidable player in the AI landscape.

Link to the mentioned videos:
Internet will NEVER be the Same Again! | Rise of AI Videos | Dhruv Rathee: Â Â Â â€¢Â InternetÂ willÂ NEVERÂ beÂ theÂ SameÂ Again...Â Â 

---------------------------------------------

ğŸ“ Link to sources: https://dhruvrathee.com/videos/692

ğŸ’¡In case this video has any factual mistakes, it will be written down on this page: https://dhruvrathee.com/corrections

-------------------------------------------------

JOIN DHRUV RATHEE ACADEMY COURSES: 

ğŸ¤– Master ChatGPT Course: 
https://academy.dhruvrathee.com/chatgpt
Learn to harness the power of ChatGPT and transform your life! 

ğŸ¥ The YouTube Blueprint Course: 
https://academy.dhruvrathee.com/youtube
Learn how to make content creation your part-time job or full-time career! 

âœï¸ Time Management and Productivity Course:  https://academy.dhruvrathee.com
Learn how to manage time and maximize productivity! 

-------------------------------------------------

MY SOCIAL MEDIA HANDLES:
â–¶ï¸ Main Channel: Â Â Â /Â dhruvratheeÂ Â 
ğŸ¦ Vlog Channel: Â Â Â /Â dhruvratheevlogsÂ Â 
ğŸ©³ Shorts Channel: Â Â Â /Â @drshortsÂ Â 
ğŸ“¸ Instagram: Â Â /Â dhruvratheeÂ Â 
ğŸ¦  Twitter: Â Â /Â dhruv_ratheeÂ Â 

MY VIDEO TOPICS:
ğŸ—º Geopolitics: Â Â Â â€¢Â GeopoliticsÂ Â 
ğŸ“˜ History: Â Â Â â€¢Â HistoryÂ EducationÂ Â 
ğŸ”¬ Science: Â Â Â â€¢Â ScienceÂ Â 
â˜ ï¸ Mystery: Â Â Â â€¢Â MysteryÂ VideosÂ Â 
ğŸ’°Finance: Â Â Â â€¢Â FinancialÂ EducationÂ Â 
ğŸ‡®ğŸ‡³ Indian Current Affairs: Â Â Â â€¢Â CurrentÂ AffairsÂ (India)Â Â 
ğŸŒ International Current Affairs: Â Â Â â€¢Â CurrentÂ AffairsÂ (World)Â Â 

DOWNLOAD MY APP: 
ğŸ“±Android app: https://play.google.com/store/apps/de...
ğŸ“±iOS App: https://apps.apple.com/ie/app/dhruv-r...

This video is made solely with the purpose of spreading awareness and educating the viewers. The information demonstrated and explained in the video are true to the best of our teamâ€™s knowledge and research. Nevertheless, if any error is committed, the same was never intended to be and is absolutely unintentional. In the event of any inadvertent error, kindly email us at contact@dhruvrathee.com (mail subject : FEEDBACK) for necessary action, to resolve any error/dispute amicably. 

Viewerâ€™s discretion is advised w.r.t. the products/services of the sponsors advertised on our platforms. We do not claim any responsibility in any manner whatsoever regarding the product/services provided by the sponsors.

------------------------------------------------- ğŸ¤– Join AI Chatbots Course: https://academy.dhruvrathee.com/chatgpt Use coupon code: DEEP46 for a 46% discount!
Note: The Course is in Hindi with English Subtitles

A groundbreaking AI chatbot named 'DeepSeek R1' launched by a Chinese research lab on January 20, 2025, has sent shockwaves across the globe, outperforming leading AI models from giants like OpenAI, Meta, and Google in efficiency and cost. This chatbot, revealed to be superior in various benchmarks, has not only taken the tech world by surprise but also became the most downloaded app in the US and India within a week. DeepSeek's innovative training approach utilizes fewer resources, challenging the norms set by current AI technologies. Despite its capabilities, it's not without controversies, especially regarding the avoidance of sensitive topics and allegations of data theft from competitors. However, its open-source nature suggests a new era of AI development, proving that high-level AI innovation is not limited to American tech companies and inspiring a competitive spirit worldwide. Let's explore what makes DeepSeek a formidable player in the AI landscape.

Link to the mentioned videos:
Internet will NEVER be the Same Again! | Rise of AI Videos | Dhruv Rathee: â€¢Â InternetÂ willÂ NEVERÂ beÂ theÂ SameÂ Again... â€¢Â InternetÂ willÂ NEVERÂ beÂ theÂ SameÂ Again...  ---------------------------------------------

ğŸ“ Link to sources: https://dhruvrathee.com/videos/692 ğŸ’¡In case this video has any factual mistakes, it will be written down on this page: https://dhruvrathee.com/corrections -------------------------------------------------

JOIN DHRUV RATHEE ACADEMY COURSES: 

ğŸ¤– Master ChatGPT Course: https://academy.dhruvrathee.com/chatgpt Learn to harness the power of ChatGPT and transform your life! 

ğŸ¥ The YouTube Blueprint Course: https://academy.dhruvrathee.com/youtube Learn how to make content creation your part-time job or full-time career! 

âœï¸ Time Management and Productivity Course: https://academy.dhruvrathee.com Learn how to manage time and maximize productivity! 

-------------------------------------------------

MY SOCIAL MEDIA HANDLES:
â–¶ï¸ Main Channel: /Â dhruvrathee /Â dhruvrathee  ğŸ¦ Vlog Channel: /Â dhruvratheevlogs /Â dhruvratheevlogs  ğŸ©³ Shorts Channel: /Â @drshorts /Â @drshorts  ğŸ“¸ Instagram: /Â dhruvrathee /Â dhruvrathee  ğŸ¦  Twitter: /Â dhruv_rathee /Â dhruv_rathee  MY VIDEO TOPICS:
ğŸ—º Geopolitics: â€¢Â Geopolitics â€¢Â Geopolitics  ğŸ“˜ History: â€¢Â HistoryÂ Education â€¢Â HistoryÂ Education  ğŸ”¬ Science: â€¢Â Science â€¢Â Science  â˜ ï¸ Mystery: â€¢Â MysteryÂ Videos â€¢Â MysteryÂ Videos  ğŸ’°Finance: â€¢Â FinancialÂ Education â€¢Â FinancialÂ Education  ğŸ‡®ğŸ‡³ Indian Current Affairs: â€¢Â CurrentÂ AffairsÂ (India) â€¢Â CurrentÂ AffairsÂ (India)  ğŸŒ International Current Affairs: â€¢Â CurrentÂ AffairsÂ (World) â€¢Â CurrentÂ AffairsÂ (World)  DOWNLOAD MY APP: 
ğŸ“±Android app: https://play.google.com/store/apps/de... ğŸ“±iOS App: https://apps.apple.com/ie/app/dhruv-r... This video is made solely with the purpose of spreading awareness and educating the viewers. The information demonstrated and explained in the video are true to the best of our teamâ€™s knowledge and research. Nevertheless, if any error is committed, the same was never intended to be and is absolutely unintentional. In the event of any inadvertent error, kindly email us at contact@dhruvrathee.com (mail subject : FEEDBACK) for necessary action, to resolve any error/dispute amicably. 

Viewerâ€™s discretion is advised w.r.t. the products/services of the sponsors advertised on our platforms. We do not claim any responsibility in any manner whatsoever regarding the product/services provided by the sponsors.

------------------------------------------------- ğŸ¤– Join AI Chatbots Course: https://academy.dhruvrathee.com/chatgpt
Use coupon code: DEEP46 for a 46% discount!
Note: The Course is in Hindi with English Subtitles  ğŸ¤– Join AI Chatbots Course: https://academy.dhruvrathee.com/chatgpt
Use coupon code: DEEP46 for a 46% discount!
Note: The Course is in Hindi with English Subtitles ğŸ¤– Join AI Chatbots Course: https://academy.dhruvrathee.com/chatgpt Use coupon code: DEEP46 for a 46% discount!
Note: The Course is in Hindi with English Subtitles  â€¦ Shorts remixing this video   à¤†à¤®à¤¿à¤° à¤‡à¤¨à¤¶à¤¾à¤¨ à¤•à¤¿ Bchha garibi ka duniya ğŸ˜Ÿ~mini wood work video'sğŸ”¥~#shorts 7.6K views  Dhurv rathee fan #chatgpt #tech #crypto #smartphone #computer #murmuji #indianpolitician 4.6K views  à¤¦à¥‡à¤–à¤¤à¥‡ à¤¹à¥ˆà¤‚ à¤†à¤œ à¤•à¤¿à¤¸ à¤—à¤¾à¤¡à¤¼à¥€ à¤•à¤¾ à¤ªà¤¾à¤ªà¤¡à¤¼ à¤¬à¤¨à¥‡à¤—à¤¾ ğŸ˜± I #cartoon #car #cars #Viral #shortsfeed #youtubeshorts 2.1K views  #automobile #crew #rashmikamandanna #dhruvrathee #deepseek #america #sauravjoshivlogs #tech 1.6K views  Deepseek, China's new AI model destroyed  american chatgptà¥¤ The Dhruv Rathee #dhruvrathee #ytshorts 1.2K views  à¤šà¤¾à¤‡à¤¨à¥€à¤œ A I ki machi dhoom #viralshort #new #ai #trending  #shorts @dhruvrathee 1.1K views   Show transcript  Videos  About   Videos  About ","Feb 4, 2025",https://www.youtube.com/watch?v=FooC7gp4wk4&pp=ygUIZGVlcHNlZWs%3D,https://www.youtube.com/@dhruvrathee
Deepseek - a cheater? (Exposed),CodeWithHarry,433K views,8:03,"Kimi-k1.5: https://github.com/MoonshotAI/Kimi-k1.5
Reddit Thread: https://www.reddit.com/r/ChatGPT/comm...
â–ºCheckout my English channel here: Â Â Â /Â @programmingwithharry  Kimi-k1.5: https://github.com/MoonshotAI/Kimi-k1.5
Reddit Thread: https://www.reddit.com/r/ChatGPT/comm...
â–ºCheckout my English channel here: Â Â Â /Â @programmingwithharry Kimi-k1.5: https://github.com/MoonshotAI/Kimi-k1.5 Reddit Thread: https://www.reddit.com/r/ChatGPT/comm... â–ºCheckout my English channel here: /Â @programmingwithharry /Â @programmingwithharry   â€¦ Show transcript  Videos  About   Videos  About ",2 weeks ago,https://www.youtube.com/watch?v=9VvExifFdBE&pp=ygUIZGVlcHNlZWs%3D,https://www.youtube.com/@CodeWithHarry
"How He Makes $1,500/Month Using DeepSeek AI (Copy His Strategy!) ğŸ˜¯ | DeepSeek-R1",YT Gyan Abhishek,"7,994 views",34:58,"How He Makes $1,500/Month Using DeepSeek AI (Copy His Strategy!) ğŸ˜¯ | DeepSeek-R1

Start Your Website Today on Hostinger - 
https://www.hostg.xyz/SHEJR
Use Coupon Code for Flat 10% instant Discount: YTABHISHEK

Want to make money online with AI? In this video, Iâ€™ll show you exactly how I used DeepSeek AI to earn $1,000 in just 24 hours! Learn step-by-step how to leverage this powerful AI tool to create passive income, automate tasks, and scale your earnings fast.

âœ¨ In This Video, Youâ€™ll Learn:

How to use DeepSeek AI for beginners (easy setup guide).

Proven strategies to monetize AI tools in 2025.

Real-life examples of how Pankaj made $50 in a day.

Tips to turn this into a sustainable side hustle.

ğŸ’¡ Why DeepSeek AI?
DeepSeek AI is one of the most underrated tools for making money online. Iâ€™ll show you how to use it to its full potential!

ğŸ“ˆ Perfect For:

Beginners looking to make money with AI.

Entrepreneurs and freelancers wanting to scale their income.

Anyone curious about AI side hustles and passive income ideas.

My Instagram -
Â Â /Â yt_gyan_abhishekÂ Â  

Telegram (For Free Fb Groups) -
https://telegram.me/ytgyanabhishek

Today Our Guest - â€ª@EARNTIMESZâ€¬ 

Facebook + Blogging Step by Step Full Process -
Â Â Â â€¢Â FacebookÂ +Â BloggingÂ =Â â‚¹2Â à¤²à¤¾à¤–/à¤®à¤¹à¤¿à¤¨à¤¾Â ğŸ˜±|...Â Â 

â‚¹1 à¤²à¤¾à¤–/ à¤®à¤¹à¥€à¤¨à¤¾ à¤ªà¤¹à¤²à¥‡ à¤¦à¤¿à¤¨ à¤¸à¥‡ à¤•à¤®à¤¾à¤“ -
Â Â Â â€¢Â â‚¹1Â à¤²à¤¾à¤–Â PerÂ MonthÂ à¤•à¥ˆà¤¸à¥‡Â à¤•à¤®à¤¾à¤¯à¥‡?Â HowÂ ToÂ E...Â Â 

â‚¹1 à¤•à¤°à¥‹à¤¡à¤¼ à¤°à¥à¤ªà¤ à¤•à¤®à¤¾à¤¯à¤¾ Facebook Copy - Paste à¤¸à¥‡ -
Â Â Â â€¢Â FacebookÂ CopyÂ PasteÂ à¤¸à¥‡Â â‚¹1Â à¤•à¤°à¥‹à¤¡à¤¼Â ğŸ”¥|Â Ho...Â Â 

$5000/month from facebook copy - paste
Â Â Â â€¢Â FacebookÂ à¤ªà¤°Â CopyÂ -Â PasteÂ à¤•à¤°à¤•à¥‡Â â‚¹4.5Â à¤²à¤¾...Â Â 

Top 6 Faceless YouTube Channel Ideas -
Â Â Â â€¢Â 6Â BestÂ NoÂ FaceÂ NoÂ VoiceÂ YouTubeÂ chann...Â Â 

Facebook Movie Clips Full Course FREE -
Â Â Â â€¢Â FacebookÂ NewÂ UpdateÂ -Â MovieÂ ClipsÂ à¤¡à¤¾à¤²...Â Â 

Blogging Full Free Course - 
Â Â Â â€¢Â â‚¹10,000/DayÂ à¤•à¥ˆà¤¸à¥‡Â à¤•à¤®à¤¾à¤¤à¥‡Â à¤¹à¥ˆÂ GoogleÂ à¤¸à¥‡?Â ...Â Â 

17 à¤¸à¤¾à¤² à¤•à¤¾ à¤¬à¤šà¥à¤šà¤¾ â‚¹3 à¤²à¤¾à¤–/à¤®à¤¹à¤¿à¤¨à¤¾ à¤•à¤®à¤¾à¤¤à¤¾ à¤¹à¥ˆ -
Â Â Â â€¢Â 17Â à¤¸à¤¾à¤²Â à¤•à¤¾Â à¤¬à¤šà¥à¤šà¤¾!Â EarningÂ â‚¹3Â LakhÂ PerÂ ...Â Â 

Website à¤¸à¥‡ â‚¹25 à¤¹à¤œà¤¾à¤°/à¤¦à¤¿à¤¨ à¤•à¤®à¤¾à¤“ -
Â Â Â â€¢Â FREEÂ GoogleÂ WebÂ StoriesÂ CourseÂ 2023Â |...Â Â 

For Podcast You can contact me 
contactytgyans@gmail.com

My Equipments -

 My Mic        -   https://amzn.to/3Mky1YS
 My Tripod    -  https://amzn.to/42T5D7p
 My Ring Light - https://amzn.to/3ob4s44
My Mobile   -  https://amzn.to/435Lbjt
My Laptop    -   https://amzn.to/41SPOfA
Best Tripod Under 500rs. - https://amzn.to/3M9apGM  

Keywords - 

deepseek vs chatgpt
how to create tool website
how to make money online 2025
how to earn online
how to make money with deepseek r1 for free
how to make money with deepseek
how to use deepseek
how does deepseek work
create tool website using deepseek ai
how to earn money online
how to make money online
deepseek ai
deepseek r1
deepseek v3
deepseek ai se tool website kaise banaye
how to make money with ai
deepseek
how to make money

deepseek ai
how to make money with deepseek
how to make money online
how to make money with ai
make money online
make money ai
make money with ai
make money with deepseek
make money
how to make money
make money with deepseek ai
how to make money online using deepseek ai in 2025
make money online for free
what is deepseek
best way to make money online
deepseek r1 ai
deep seek ai
make money with ai 2025

#deepseek #deepseekai #deepseekr1 #MakeMoneyOnline #OnlineIncome #ytgyanabhishek 

For Sponsorship - contactytgyans@gmail.com

Thank you so much for the support â¤ğŸ˜Š Don't forget to like, share and subscribe for more content content ğŸ”” How He Makes $1,500/Month Using DeepSeek AI (Copy His Strategy!) ğŸ˜¯ | DeepSeek-R1

Start Your Website Today on Hostinger - https://www.hostg.xyz/SHEJR Use Coupon Code for Flat 10% instant Discount: YTABHISHEK

Want to make money online with AI? In this video, Iâ€™ll show you exactly how I used DeepSeek AI to earn $1,000 in just 24 hours! Learn step-by-step how to leverage this powerful AI tool to create passive income, automate tasks, and scale your earnings fast.

âœ¨ In This Video, Youâ€™ll Learn:

How to use DeepSeek AI for beginners (easy setup guide).

Proven strategies to monetize AI tools in 2025.

Real-life examples of how Pankaj made $50 in a day.

Tips to turn this into a sustainable side hustle.

ğŸ’¡ Why DeepSeek AI?
DeepSeek AI is one of the most underrated tools for making money online. Iâ€™ll show you how to use it to its full potential!

ğŸ“ˆ Perfect For:

Beginners looking to make money with AI.

Entrepreneurs and freelancers wanting to scale their income.

Anyone curious about AI side hustles and passive income ideas.

My Instagram - /Â yt_gyan_abhishek /Â yt_gyan_abhishek  Telegram (For Free Fb Groups) - https://telegram.me/ytgyanabhishek Today Our Guest - â€ª@EARNTIMESZâ€¬ Facebook + Blogging Step by Step Full Process - â€¢Â FacebookÂ +Â BloggingÂ =Â â‚¹2Â à¤²à¤¾à¤–/à¤®à¤¹à¤¿à¤¨à¤¾Â ğŸ˜±|... â€¢Â FacebookÂ +Â BloggingÂ =Â â‚¹2Â à¤²à¤¾à¤–/à¤®à¤¹à¤¿à¤¨à¤¾Â ğŸ˜±|...  â‚¹1 à¤²à¤¾à¤–/ à¤®à¤¹à¥€à¤¨à¤¾ à¤ªà¤¹à¤²à¥‡ à¤¦à¤¿à¤¨ à¤¸à¥‡ à¤•à¤®à¤¾à¤“ - â€¢Â â‚¹1Â à¤²à¤¾à¤–Â PerÂ MonthÂ à¤•à¥ˆà¤¸à¥‡Â à¤•à¤®à¤¾à¤¯à¥‡?Â HowÂ ToÂ E... â€¢Â â‚¹1Â à¤²à¤¾à¤–Â PerÂ MonthÂ à¤•à¥ˆà¤¸à¥‡Â à¤•à¤®à¤¾à¤¯à¥‡?Â HowÂ ToÂ E...  â‚¹1 à¤•à¤°à¥‹à¤¡à¤¼ à¤°à¥à¤ªà¤ à¤•à¤®à¤¾à¤¯à¤¾ Facebook Copy - Paste à¤¸à¥‡ - â€¢Â FacebookÂ CopyÂ PasteÂ à¤¸à¥‡Â â‚¹1Â à¤•à¤°à¥‹à¤¡à¤¼Â ğŸ”¥|Â Ho... â€¢Â FacebookÂ CopyÂ PasteÂ à¤¸à¥‡Â â‚¹1Â à¤•à¤°à¥‹à¤¡à¤¼Â ğŸ”¥|Â Ho...  $5000/month from facebook copy - paste â€¢Â FacebookÂ à¤ªà¤°Â CopyÂ -Â PasteÂ à¤•à¤°à¤•à¥‡Â â‚¹4.5Â à¤²à¤¾... â€¢Â FacebookÂ à¤ªà¤°Â CopyÂ -Â PasteÂ à¤•à¤°à¤•à¥‡Â â‚¹4.5Â à¤²à¤¾...  Top 6 Faceless YouTube Channel Ideas - â€¢Â 6Â BestÂ NoÂ FaceÂ NoÂ VoiceÂ YouTubeÂ chann... â€¢Â 6Â BestÂ NoÂ FaceÂ NoÂ VoiceÂ YouTubeÂ chann...  Facebook Movie Clips Full Course FREE - â€¢Â FacebookÂ NewÂ UpdateÂ -Â MovieÂ ClipsÂ à¤¡à¤¾à¤²... â€¢Â FacebookÂ NewÂ UpdateÂ -Â MovieÂ ClipsÂ à¤¡à¤¾à¤²...  Blogging Full Free Course - â€¢Â â‚¹10,000/DayÂ à¤•à¥ˆà¤¸à¥‡Â à¤•à¤®à¤¾à¤¤à¥‡Â à¤¹à¥ˆÂ GoogleÂ à¤¸à¥‡?Â ... â€¢Â â‚¹10,000/DayÂ à¤•à¥ˆà¤¸à¥‡Â à¤•à¤®à¤¾à¤¤à¥‡Â à¤¹à¥ˆÂ GoogleÂ à¤¸à¥‡?Â ...  17 à¤¸à¤¾à¤² à¤•à¤¾ à¤¬à¤šà¥à¤šà¤¾ â‚¹3 à¤²à¤¾à¤–/à¤®à¤¹à¤¿à¤¨à¤¾ à¤•à¤®à¤¾à¤¤à¤¾ à¤¹à¥ˆ - â€¢Â 17Â à¤¸à¤¾à¤²Â à¤•à¤¾Â à¤¬à¤šà¥à¤šà¤¾!Â EarningÂ â‚¹3Â LakhÂ PerÂ ... â€¢Â 17Â à¤¸à¤¾à¤²Â à¤•à¤¾Â à¤¬à¤šà¥à¤šà¤¾!Â EarningÂ â‚¹3Â LakhÂ PerÂ ...  Website à¤¸à¥‡ â‚¹25 à¤¹à¤œà¤¾à¤°/à¤¦à¤¿à¤¨ à¤•à¤®à¤¾à¤“ - â€¢Â FREEÂ GoogleÂ WebÂ StoriesÂ CourseÂ 2023Â |... â€¢Â FREEÂ GoogleÂ WebÂ StoriesÂ CourseÂ 2023Â |...  For Podcast You can contact me 
contactytgyans@gmail.com

My Equipments -

 My Mic        - https://amzn.to/3Mky1YS My Tripod    - https://amzn.to/42T5D7p My Ring Light - https://amzn.to/3ob4s44 My Mobile   - https://amzn.to/435Lbjt My Laptop    - https://amzn.to/41SPOfA Best Tripod Under 500rs. - https://amzn.to/3M9apGM Keywords - 

deepseek vs chatgpt
how to create tool website
how to make money online 2025
how to earn online
how to make money with deepseek r1 for free
how to make money with deepseek
how to use deepseek
how does deepseek work
create tool website using deepseek ai
how to earn money online
how to make money online
deepseek ai
deepseek r1
deepseek v3
deepseek ai se tool website kaise banaye
how to make money with ai
deepseek
how to make money

deepseek ai
how to make money with deepseek
how to make money online
how to make money with ai
make money online
make money ai
make money with ai
make money with deepseek
make money
how to make money
make money with deepseek ai
how to make money online using deepseek ai in 2025
make money online for free
what is deepseek
best way to make money online
deepseek r1 ai
deep seek ai
make money with ai 2025 #deepseek  #deepseekai  #deepseekr1  #MakeMoneyOnline  #OnlineIncome  #ytgyanabhishek For Sponsorship - contactytgyans@gmail.com

Thank you so much for the support â¤ğŸ˜Š Don't forget to like, share and subscribe for more content content ğŸ”” How He Makes $1,500/Month Using DeepSeek AI (Copy His Strategy!) ğŸ˜¯ | DeepSeek-R1

Start Your Website Today on Hostinger -  How He Makes $1,500/Month Using DeepSeek AI (Copy His Strategy!) ğŸ˜¯ | DeepSeek-R1

Start Your Website Today on Hostinger - How He Makes $1,500/Month Using DeepSeek AI (Copy His Strategy!) ğŸ˜¯ | DeepSeek-R1

Start Your Website Today on Hostinger -  â€¦ Show transcript  Videos  About   Videos  About ","Feb 15, 2025",https://www.youtube.com/watch?v=o__wOkpfVxc&pp=ygUIZGVlcHNlZWs%3D,https://www.youtube.com/@YTGyans
How To Earn Money Online With a Laptop Using DEEPSEEK AI ($130/Day),Success With Sam,"6,394 views",16:36,"In this video, I'm going to share how to earn money online using the new AI Bot DeepSeek for beginners in 2025 using a simple laptop and internet connection.
â–¬â–¬â–¬â–¬â–¬â–¬â–¬â–¬â–¬â–¬â–¬â–¬â–¬â–¬â–¬â–¬â–¬â–¬â–¬â–¬â–¬â–¬â–¬â–¬â–¬
â¡ï¸ Watch my FREE Masterclass : https://bit.ly/3O541CF
â–¬â–¬â–¬â–¬â–¬â–¬â–¬â–¬â–¬â–¬â–¬â–¬â–¬â–¬â–¬â–¬â–¬â–¬â–¬â–¬â–¬â–¬â–¬â–¬â–¬
â˜…Softwares mentioned:â˜…

â¡ï¸ FREE Gamma Account https://bit.ly/GammaDirect
â¡ï¸ Invideo AI:  https://invideo.sjv.io/nL7Mz6
â¡ï¸ Try Teachable for FREE: https://bit.ly/48nSYeC
â–¬â–¬â–¬â–¬â–¬â–¬â–¬â–¬â–¬â–¬â–¬â–¬â–¬â–¬â–¬â–¬â–¬â–¬â–¬â–¬â–¬â–¬â–¬â–¬â–¬
â˜… SUBSCRIBE TO MY CHANNEL â˜…
â¡ï¸   https://bit.ly/2BReyid
â–¬â–¬â–¬â–¬â–¬â–¬â–¬â–¬â–¬â–¬â–¬â–¬â–¬â–¬â–¬â–¬â–¬â–¬â–¬â–¬â–¬â–¬â–¬â–¬â–¬
â˜… CONNECT WITH ME â˜…
Connect with me on my Instagram ( @Success.With.Sam)
â¡ï¸   Instagram: https://bit.ly/2VxaXwG
â–¬â–¬â–¬â–¬â–¬â–¬â–¬â–¬â–¬â–¬â–¬â–¬â–¬â–¬â–¬â–¬â–¬â–¬â–¬â–¬â–¬â–¬â–¬â–¬â–¬
Thank you for watching - I really appreciate it :)
Like comment and subscribe!

This video includes topics to do with:
make money online, online business, online entrepreneurship, starting an online business, online income, online marketing, digital products, physical products, e-commerce, affiliate marketing, online courses, passive income, work from home, online selling, online branding, online success, online strategies, online coaching, online presence, online platforms, online audience, online community, online growth, online marketing tips, online business tips, online business ideas, online business trends, online business opportunities, online business models, online business success.

#MakeMoneyOnline #OnlineBusiness In this video, I'm going to share how to earn money online using the new AI Bot DeepSeek for beginners in 2025 using a simple laptop and internet connection.
â–¬â–¬â–¬â–¬â–¬â–¬â–¬â–¬â–¬â–¬â–¬â–¬â–¬â–¬â–¬â–¬â–¬â–¬â–¬â–¬â–¬â–¬â–¬â–¬â–¬
â¡ï¸ Watch my FREE Masterclass : https://bit.ly/3O541CF â–¬â–¬â–¬â–¬â–¬â–¬â–¬â–¬â–¬â–¬â–¬â–¬â–¬â–¬â–¬â–¬â–¬â–¬â–¬â–¬â–¬â–¬â–¬â–¬â–¬
â˜…Softwares mentioned:â˜…

â¡ï¸ FREE Gamma Account https://bit.ly/GammaDirect â¡ï¸ Invideo AI: https://invideo.sjv.io/nL7Mz6 â¡ï¸ Try Teachable for FREE: https://bit.ly/48nSYeC â–¬â–¬â–¬â–¬â–¬â–¬â–¬â–¬â–¬â–¬â–¬â–¬â–¬â–¬â–¬â–¬â–¬â–¬â–¬â–¬â–¬â–¬â–¬â–¬â–¬
â˜… SUBSCRIBE TO MY CHANNEL â˜…
â¡ï¸ https://bit.ly/2BReyid â–¬â–¬â–¬â–¬â–¬â–¬â–¬â–¬â–¬â–¬â–¬â–¬â–¬â–¬â–¬â–¬â–¬â–¬â–¬â–¬â–¬â–¬â–¬â–¬â–¬
â˜… CONNECT WITH ME â˜…
Connect with me on my Instagram ( @Success.With.Sam)
â¡ï¸   Instagram: https://bit.ly/2VxaXwG â–¬â–¬â–¬â–¬â–¬â–¬â–¬â–¬â–¬â–¬â–¬â–¬â–¬â–¬â–¬â–¬â–¬â–¬â–¬â–¬â–¬â–¬â–¬â–¬â–¬
Thank you for watching - I really appreciate it :)
Like comment and subscribe!

This video includes topics to do with:
make money online, online business, online entrepreneurship, starting an online business, online income, online marketing, digital products, physical products, e-commerce, affiliate marketing, online courses, passive income, work from home, online selling, online branding, online success, online strategies, online coaching, online presence, online platforms, online audience, online community, online growth, online marketing tips, online business tips, online business ideas, online business trends, online business opportunities, online business models, online business success. #MakeMoneyOnline  #OnlineBusiness In this video, I'm going to share how to earn money online using the new AI Bot DeepSeek for beginners in 2025 using a simple laptop and internet connection.
â–¬â–¬â–¬â–¬â–¬â–¬â–¬â–¬â–¬â–¬â–¬â–¬â–¬â–¬â–¬â–¬â–¬â–¬â–¬â–¬â–¬â–¬â–¬â–¬â–¬  In this video, I'm going to share how to earn money online using the new AI Bot DeepSeek for beginners in 2025 using a simple laptop and internet connection.
â–¬â–¬â–¬â–¬â–¬â–¬â–¬â–¬â–¬â–¬â–¬â–¬â–¬â–¬â–¬â–¬â–¬â–¬â–¬â–¬â–¬â–¬â–¬â–¬â–¬ In this video, I'm going to share how to earn money online using the new AI Bot DeepSeek for beginners in 2025 using a simple laptop and internet connection.
â–¬â–¬â–¬â–¬â–¬â–¬â–¬â–¬â–¬â–¬â–¬â–¬â–¬â–¬â–¬â–¬â–¬â–¬â–¬â–¬â–¬â–¬â–¬â–¬â–¬  â€¦ Show transcript  Videos  About   Videos  About ","Feb 15, 2025",https://www.youtube.com/watch?v=qKfdHbTvEys&pp=ygUIZGVlcHNlZWs%3D,https://www.youtube.com/@SuccessWithSam
"China's BYD Challenges Tesla With Plans to Add DeepSeek, Give Driver-Assistance Software for Free",Bloomberg Television,"45,540 views",2:19,"BYD Co. will enable advanced driver-assistance features in almost all future models at no additional cost to buyers as part of a bid to challenge Tesla Inc. and domestic rivals in Chinaâ€™s cutthroat electric-vehicle market. It also plans to integrate software from DeepSeek, without specifying when that would happen. Bloomberg's Danny Lee speaks on The Asia Trade.
--------
More on Bloomberg Television and Markets
 
Like this video? Subscribe and turn on notifications so you don't miss any videos from Bloomberg Markets & Finance: https://tinyurl.com/ysu5b8a9
Visit http://www.bloomberg.com for business news & analysis, up-to-the-minute market data, features, profiles and more.
 
Connect with Bloomberg Television on:
X: Â Â /Â bloombergtvÂ Â 
Facebook: Â Â /Â bloombergtelevisionÂ Â 
Instagram: Â Â /Â bloombergtvÂ Â 
 
Connect with Bloomberg Business on:
X: Â Â /Â businessÂ Â 
Facebook: Â Â /Â bloombergbusinessÂ Â 
Instagram: Â Â /Â bloombergbusinessÂ Â 
TikTok: https://www.tiktok.com/@bloombergbusi...
Reddit: Â Â /Â bloombergÂ Â 
LinkedIn: Â Â /Â bloomberg-newsÂ Â 
 
More from Bloomberg:
Bloomberg Radio: Â Â /Â bloombergradioÂ Â 

Bloomberg Surveillance: Â Â /Â bsurveillanceÂ Â 
Bloomberg Politics: Â Â /Â bpoliticsÂ Â 
Bloomberg Originals: Â Â /Â bbgoriginalsÂ Â 
 
Watch more on YouTube:
Bloomberg Technology: Â Â Â /Â @bloombergtechnologyÂ Â 
Bloomberg Originals: Â Â Â /Â @businessÂ Â 
Bloomberg Quicktake: Â Â Â /Â @bloombergquicktakeÂ Â 
Bloomberg Espanol: Â Â Â /Â @bloomberg_espanolÂ Â 
Bloomberg Podcasts: Â Â Â /Â @bloombergpodcasts BYD Co. will enable advanced driver-assistance features in almost all future models at no additional cost to buyers as part of a bid to challenge Tesla Inc. and domestic rivals in Chinaâ€™s cutthroat electric-vehicle market. It also plans to integrate software from DeepSeek, without specifying when that would happen. Bloomberg's Danny Lee speaks on The Asia Trade.
--------
More on Bloomberg Television and Markets
 
Like this video? Subscribe and turn on notifications so you don't miss any videos from Bloomberg Markets & Finance: https://tinyurl.com/ysu5b8a9 Visit http://www.bloomberg.com for business news & analysis, up-to-the-minute market data, features, profiles and more.
 
Connect with Bloomberg Television on:
X: /Â bloombergtv /Â bloombergtv  Facebook: /Â bloombergtelevision /Â bloombergtelevision  Instagram: /Â bloombergtv /Â bloombergtv  Connect with Bloomberg Business on:
X: /Â business /Â business  Facebook: /Â bloombergbusiness /Â bloombergbusiness  Instagram: /Â bloombergbusiness /Â bloombergbusiness  TikTok: https://www.tiktok.com/@bloombergbusi... Reddit: /Â bloomberg /Â bloomberg  LinkedIn: /Â bloomberg-news /Â bloomberg-news  More from Bloomberg:
Bloomberg Radio: /Â bloombergradio /Â bloombergradio  Bloomberg Surveillance: /Â bsurveillance /Â bsurveillance  Bloomberg Politics: /Â bpolitics /Â bpolitics  Bloomberg Originals: /Â bbgoriginals /Â bbgoriginals  Watch more on YouTube:
Bloomberg Technology: /Â @bloombergtechnology /Â @bloombergtechnology  Bloomberg Originals: /Â @business /Â @business  Bloomberg Quicktake: /Â @bloombergquicktake /Â @bloombergquicktake  Bloomberg Espanol: /Â @bloomberg_espanol /Â @bloomberg_espanol  Bloomberg Podcasts: /Â @bloombergpodcasts /Â @bloombergpodcasts  BYD Co. will enable advanced driver-assistance features in almost all future models at no additional cost to buyers as part of a bid to challenge Tesla Inc. and domestic rivals in Chinaâ€™s cutthroat electric-vehicle market. It also plans to integrate software from DeepSeek, without specifyin  BYD Co. will enable advanced driver-assistance features in almost all future models at no additional cost to buyers as part of a bid to challenge Tesla Inc. and domestic rivals in Chinaâ€™s cutthroat electric-vehicle market. It also plans to integrate software from DeepSeek, without specifyin BYD Co. will enable advanced driver-assistance features in almost all future models at no additional cost to buyers as part of a bid to challenge Tesla Inc. and domestic rivals in Chinaâ€™s cutthroat electric-vehicle market. It also plans to integrate software from DeepSeek, without specifyin  â€¦ Show transcript  Videos  About   Videos  About ","Feb 11, 2025",https://www.youtube.com/watch?v=d-SMPxJFFxs&pp=ygUIZGVlcHNlZWs%3D,https://www.youtube.com/@markets
DeepSeek Vs Chatgpt | Asal Sach !!,VideoWaliSarkar,"167,248 views",13:07,So you have heard about deep seek and how itâ€™s launch happened. lets take a deep dive So you have heard about deep seek and how itâ€™s launch happened. lets take a deep dive So you have heard about deep seek and how itâ€™s launch happened. lets take a deep dive  So you have heard about deep seek and how itâ€™s launch happened. lets take a deep dive So you have heard about deep seek and how itâ€™s launch happened. lets take a deep dive  â€¦ Show transcript  Videos  About   Videos  About ,"Jan 29, 2025",https://www.youtube.com/watch?v=lGFZLwv9iBk&pp=ygUIZGVlcHNlZWs%3D,https://www.youtube.com/@VideoWaliSarkar1
OpenAI's nightmare: Deepseek R1 on a Raspberry Pi,Jeff Geerling,"2,002,949 views",4:18,"DeepSeek R1 runs on a Pi 5, but don't believe every headline you read.

Resources referenced in this video:


DeepSeek R1: https://github.com/deepseek-ai/DeepSe...

Ollama and llama.cpp benchmarks on Pi 5: https://github.com/geerlingguy/ollama...

Reuters article on DeepSeek: https://www.reuters.com/technology/ar...

DeepSeek FAQ from Stratchery: https://stratechery.com/2025/deepseek...


Support me on Patreon: Â Â /Â geerlingguyÂ Â 
Sponsor me on GitHub: https://github.com/sponsors/geerlingguy
Merch: https://www.redshirtjeff.com
2nd Channel: Â Â Â /Â @geerlingengineeringÂ Â 
3rd Channel: Â Â Â /Â @level2jeffÂ Â 

Contents:

00:00 - OpenAI's Nightmare
01:00 - What can a Pi 5 do, really?
01:39 - 671b on AmpereOne
02:00 - Pi 5 14b - CPU inference
02:20 - Pi 5 14b - GPU inference
03:05 - GPUs on Pi (and year of the Arm PC)
03:37 - Still in an AI bubble DeepSeek R1 runs on a Pi 5, but don't believe every headline you read.

Resources referenced in this video: DeepSeek R1: https://github.com/deepseek-ai/DeepSe...  Ollama and llama.cpp benchmarks on Pi 5: https://github.com/geerlingguy/ollama...  Reuters article on DeepSeek: https://www.reuters.com/technology/ar...  DeepSeek FAQ from Stratchery: https://stratechery.com/2025/deepseek...  Support me on Patreon: /Â geerlingguy /Â geerlingguy  Sponsor me on GitHub: https://github.com/sponsors/geerlingguy Merch: https://www.redshirtjeff.com 2nd Channel: /Â @geerlingengineering /Â @geerlingengineering  3rd Channel: /Â @level2jeff /Â @level2jeff  Contents: 00:00 - OpenAI's Nightmare 01:00 - What can a Pi 5 do, really? 01:39 - 671b on AmpereOne 02:00 - Pi 5 14b - CPU inference 02:20 - Pi 5 14b - GPU inference 03:05 - GPUs on Pi (and year of the Arm PC) 03:37 - Still in an AI bubble DeepSeek R1 runs on a Pi 5, but don't believe every headline you read.

Resources referenced in this video:  DeepSeek R1 runs on a Pi 5, but don't believe every headline you read.

Resources referenced in this video: DeepSeek R1 runs on a Pi 5, but don't believe every headline you read.

Resources referenced in this video:  â€¦ View all   Show transcript  Videos  About   Videos  About ","Jan 29, 2025",https://www.youtube.com/watch?v=o1sN1lB76EA&pp=ygUIZGVlcHNlZWs%3D,https://www.youtube.com/@JeffGeerling
I Found the Best AI Reasoning Model! DeepSeek vs ChatGPT vs Gemini,Skill Leap AI,"16,456 views",21:58,"ğŸ“– Download HubSpot's free prompt book here: https://clickhubspot.com/e23p

ChatGPT, DeepSeek, and Google Gemini have all released advanced ""reasoning"" models that outperform older models in nearly every benchmark.

In this video, I put the top reasoning models to the test with 10 different prompts designed to assess their problem-solving, logic, and creative reasoning skills.

What Are Reasoning Models?
Traditional AI models generate answers as quickly as possible, but reasoning models take their time. They break down questions into smaller steps, think through them logically, and apply Chain of Thought (CoT) reasoning.

This process allows them to solve complex problems that require multi-step thinking rather than just pulling an answer from a dataset.

Testing the Models: 10 Challenging Prompts
Prompt set 1: Rapid-Fire Questions
Which is bigger: 9.11 or 9.9?
How many ""R""s are in Strawberry?
Which came first, the chicken or the egg?

Prompt 2: Creative Problem-Solving (With a Twist)
ğŸ“Œ Question: You have a 50-foot rope and a 75-foot building. Using only the rope and your body (no other tools), how can you measure the building's height?

Prompt 3: Logical Deduction & Paradox
ğŸ“Œ Question:
""If the statement below is true, then the statement above is false.""
Is the statement above true or false? Explain your reasoning.

Prompt 4: Coding Challenge
ğŸ“Œ Question: Create a game of chess where the king moves like a queen instead of following standard rules.

Prompt 5: Commonsense Reasoning
ğŸ“Œ Question: Why might a sealed glass bottle full of water break if placed in a freezer?

Prompt 6: Vision with Reasoning
ğŸ“Œ Question:
Which AI model created this image?


Prompt 7: News Article Summarization
ğŸ“Œ Summarize a news article in 100-150 words.

Prompt 8: Alternate Universe Physics
ğŸ“Œ Question: If the electronâ€™s mass increased by 1% and its charge decreased by 1%, how would the speed of sound in diamond change?


Prompt 9: Hardest Question - Goldbachâ€™s Conjecture
ğŸ“Œ The Question:
Every even number greater than 2 can be expressed as the sum of two prime numbers.


Prompt 10: Do Parallel Universes Exist?
ğŸ“Œ Prompt: ""Using quantum mechanics, explore the possibility of detecting alternate realities interacting with our own.""

â–¬â–¬â–¬â–¬â–¬â–¬â–¬â–¬â–¬â–¬â–¬â–¬â–¬â–¬â–¬â–¬â–¬â–¬â–¬
MORE FROM SKILL LEAP:
ğŸ’¡ Join the fastest-growing AI education platform & Instantly access 20+ top courses in AI:
ğŸ‘‰ Start with a free trial: https://bit.ly/skill-leap
â–¬â–¬â–¬â–¬â–¬â–¬â–¬â–¬â–¬â–¬â–¬â–¬â–¬â–¬â–¬â–¬â–¬â–¬â–¬ ğŸ“– Download HubSpot's free prompt book here: https://clickhubspot.com/e23p ChatGPT, DeepSeek, and Google Gemini have all released advanced ""reasoning"" models that outperform older models in nearly every benchmark.

In this video, I put the top reasoning models to the test with 10 different prompts designed to assess their problem-solving, logic, and creative reasoning skills.

What Are Reasoning Models?
Traditional AI models generate answers as quickly as possible, but reasoning models take their time. They break down questions into smaller steps, think through them logically, and apply Chain of Thought (CoT) reasoning.

This process allows them to solve complex problems that require multi-step thinking rather than just pulling an answer from a dataset.

Testing the Models: 10 Challenging Prompts
Prompt set 1: Rapid-Fire Questions
Which is bigger: 9.11 or 9.9?
How many ""R""s are in Strawberry?
Which came first, the chicken or the egg?

Prompt 2: Creative Problem-Solving (With a Twist)
ğŸ“Œ Question: You have a 50-foot rope and a 75-foot building. Using only the rope and your body (no other tools), how can you measure the building's height?

Prompt 3: Logical Deduction & Paradox
ğŸ“Œ Question:
""If the statement below is true, then the statement above is false.""
Is the statement above true or false? Explain your reasoning.

Prompt 4: Coding Challenge
ğŸ“Œ Question: Create a game of chess where the king moves like a queen instead of following standard rules.

Prompt 5: Commonsense Reasoning
ğŸ“Œ Question: Why might a sealed glass bottle full of water break if placed in a freezer?

Prompt 6: Vision with Reasoning
ğŸ“Œ Question:
Which AI model created this image?


Prompt 7: News Article Summarization
ğŸ“Œ Summarize a news article in 100-150 words.

Prompt 8: Alternate Universe Physics
ğŸ“Œ Question: If the electronâ€™s mass increased by 1% and its charge decreased by 1%, how would the speed of sound in diamond change?


Prompt 9: Hardest Question - Goldbachâ€™s Conjecture
ğŸ“Œ The Question:
Every even number greater than 2 can be expressed as the sum of two prime numbers.


Prompt 10: Do Parallel Universes Exist?
ğŸ“Œ Prompt: ""Using quantum mechanics, explore the possibility of detecting alternate realities interacting with our own.""

â–¬â–¬â–¬â–¬â–¬â–¬â–¬â–¬â–¬â–¬â–¬â–¬â–¬â–¬â–¬â–¬â–¬â–¬â–¬
MORE FROM SKILL LEAP:
ğŸ’¡ Join the fastest-growing AI education platform & Instantly access 20+ top courses in AI:
ğŸ‘‰ Start with a free trial: https://bit.ly/skill-leap â–¬â–¬â–¬â–¬â–¬â–¬â–¬â–¬â–¬â–¬â–¬â–¬â–¬â–¬â–¬â–¬â–¬â–¬â–¬ ğŸ“– Download HubSpot's free prompt book here: https://clickhubspot.com/e23p

ChatGPT, DeepSeek, and Google Gemini have all released advanced ""reasoning"" models tha  ğŸ“– Download HubSpot's free prompt book here: https://clickhubspot.com/e23p

ChatGPT, DeepSeek, and Google Gemini have all released advanced ""reasoning"" models tha ğŸ“– Download HubSpot's free prompt book here: https://clickhubspot.com/e23p ChatGPT, DeepSeek, and Google Gemini have all released advanced ""reasoning"" models tha  â€¦ Show transcript  Videos  About   Videos  About ","Feb 15, 2025",https://www.youtube.com/watch?v=4s-c93sQYj0&pp=ygUIZGVlcHNlZWs%3D,https://www.youtube.com/@SkillLeapAI
How A Chinese Villager Shook Silicon Valley [DeepSeek Founder],ColdFusion,"404,180 views",14:33,"Go to https://ground.news/coldfusion to stay fully informed on every side of every story.

Liang Wenfeng, you may not know his name, but you know his company: DeepSeek. In recent weeks it's sent shockwaves around the world. But who is it's mysterious founder? And what is his philosophy? In this episode we find out.

ColdFusion Podcast: 

Â Â Â /Â @throughthewebÂ Â  

Watch or listen to ColdFusion on Spotify: https://open.spotify.com/show/1YEwCKo...


ColdFusion Music: 

Â Â Â /Â @coldfusionmusicÂ Â 
http://burnwater.bandcamp.com   

Get my book: 

http://bit.ly/NewThinkingbook 

ColdFusion Socials: 

Â Â /Â discordÂ Â 
Â Â /Â coldfusiontvÂ Â  
Â Â /Â coldfusion_tvÂ Â  
Â Â /Â coldfusiontvÂ Â 

Created by: Dagogo Altraide
Producers: Tawsif Akkas, Dagogo Altraide Go to https://ground.news/coldfusion to stay fully informed on every side of every story.

Liang Wenfeng, you may not know his name, but you know his company: DeepSeek. In recent weeks it's sent shockwaves around the world. But who is it's mysterious founder? And what is his philosophy? In this episode we find out.

ColdFusion Podcast: /Â @throughtheweb /Â @throughtheweb  Watch or listen to ColdFusion on Spotify: https://open.spotify.com/show/1YEwCKo... ColdFusion Music: /Â @coldfusionmusic /Â @coldfusionmusic   http://burnwater.bandcamp.com Get my book: http://bit.ly/NewThinkingbook ColdFusion Socials: /Â discord /Â discord   /Â coldfusiontv /Â coldfusiontv   /Â coldfusion_tv /Â coldfusion_tv   /Â coldfusiontv /Â coldfusiontv  Created by: Dagogo Altraide
Producers: Tawsif Akkas, Dagogo Altraide Go to https://ground.news/coldfusion to stay fully informed on every side of every story.

Liang Wenfeng, you may not know his name, but you know his company: DeepSeek. In rece  Go to https://ground.news/coldfusion to stay fully informed on every side of every story.

Liang Wenfeng, you may not know his name, but you know his company: DeepSeek. In rece Go to https://ground.news/coldfusion to stay fully informed on every side of every story.

Liang Wenfeng, you may not know his name, but you know his company: DeepSeek. In rece  â€¦ Show transcript  Videos  About   Videos  About ","Feb 11, 2025",https://www.youtube.com/watch?v=hd1-CKDyHXE&pp=ygUIZGVlcHNlZWs%3D,https://www.youtube.com/@ColdFusion
DeepSeek AIâ€™s Shocking Impact on Global Markets & AIğŸ”¥,Faisal Shabbir,"38,157 views",5:29,"Hey Guys!  Have you heard about DeepSeek AI? Itâ€™s a free AI model of China thatâ€™s making waves in the tech world and even shook the global markets! ğŸš€

In this video, Iâ€™ll break down:
âœ… What DeepSeek AI is
âœ… How it compares to ChatGPT & other AIs
âœ… The market crash linked to DeepSeek AI
âœ… What this means for the future of AI

Stay till the end because this FREE AI model might be the biggest game-changer yet! Letâ€™s dive in! ğŸ”¥

#DeepSeek #DeepSeekAI #DeepSeekAIChatBot

Thank you for watching. 
Subscribe to FaisalShabbir! 

Buy Hosting & Get Free Domain Now: https://hostinger.com/faisal

YouTube Learning and Earning Series: Complete Course
Â Â Â â€¢Â YouTubeÂ CourseÂ 2023Â Â 

Here are some more videos to watch
â€”â€”â€”â€”â€”â€”â€”â€”â€”â€”â€”â€”â€”â€”â€”
Best Lighting Setup for Youtube Videos
Â Â Â â€¢Â BestÂ LightingÂ SetupÂ forÂ YoutubeÂ Video...Â Â 
Write Urdu on Any Video in Mobile
Â Â Â â€¢Â HowÂ ToÂ WriteÂ UrduÂ OnÂ VideoÂ inÂ MobileÂ ...Â Â 
How to Delete Instagram Account Permanently 
Â Â Â â€¢Â HowÂ toÂ DeleteÂ InstagramÂ AccountÂ Perma...Â Â 
12 Useful Google Chrome Tips & Trick
Â Â Â â€¢Â 12Â UsefulÂ GoogleÂ ChromeÂ TipsÂ &Â TrickÂ ...Â Â 
5 Most Trending CapCut Video Editing Tutorial
Â Â Â â€¢Â 5Â MostÂ TrendingÂ CapCutÂ VideoÂ EditingÂ ...Â Â 

Social Media Handles
*****************************************************************
Follow us on:
WhatsApp Channel: https://whatsapp.com/channel/0029VaD5...
Instagram: Â Â /Â faisalshabbiirÂ Â 
Twitter: Â Â /Â faisalshabbiirÂ Â 
Facebook: Â Â /Â imfaisalshabbirÂ Â 
Tiktok: Â Â /Â imfaisalshabbir Hey Guys!  Have you heard about DeepSeek AI? Itâ€™s a free AI model of China thatâ€™s making waves in the tech world and even shook the global markets! ğŸš€

In this video, Iâ€™ll break down:
âœ… What DeepSeek AI is
âœ… How it compares to ChatGPT & other AIs
âœ… The market crash linked to DeepSeek AI
âœ… What this means for the future of AI

Stay till the end because this FREE AI model might be the biggest game-changer yet! Letâ€™s dive in! ğŸ”¥ #DeepSeek  #DeepSeekAI  #DeepSeekAIChatBot Thank you for watching. 
Subscribe to FaisalShabbir! 

Buy Hosting & Get Free Domain Now: https://hostinger.com/faisal YouTube Learning and Earning Series: Complete Course â€¢Â YouTubeÂ CourseÂ 2023 â€¢Â YouTubeÂ CourseÂ 2023  Here are some more videos to watch
â€”â€”â€”â€”â€”â€”â€”â€”â€”â€”â€”â€”â€”â€”â€”
Best Lighting Setup for Youtube Videos â€¢Â BestÂ LightingÂ SetupÂ forÂ YoutubeÂ Video... â€¢Â BestÂ LightingÂ SetupÂ forÂ YoutubeÂ Video...  Write Urdu on Any Video in Mobile â€¢Â HowÂ ToÂ WriteÂ UrduÂ OnÂ VideoÂ inÂ MobileÂ ... â€¢Â HowÂ ToÂ WriteÂ UrduÂ OnÂ VideoÂ inÂ MobileÂ ...  How to Delete Instagram Account Permanently â€¢Â HowÂ toÂ DeleteÂ InstagramÂ AccountÂ Perma... â€¢Â HowÂ toÂ DeleteÂ InstagramÂ AccountÂ Perma...  12 Useful Google Chrome Tips & Trick â€¢Â 12Â UsefulÂ GoogleÂ ChromeÂ TipsÂ &Â TrickÂ ... â€¢Â 12Â UsefulÂ GoogleÂ ChromeÂ TipsÂ &Â TrickÂ ...  5 Most Trending CapCut Video Editing Tutorial â€¢Â 5Â MostÂ TrendingÂ CapCutÂ VideoÂ EditingÂ ... â€¢Â 5Â MostÂ TrendingÂ CapCutÂ VideoÂ EditingÂ ...  Social Media Handles
*****************************************************************
Follow us on:
WhatsApp Channel: https://whatsapp.com/channel/0029VaD5... Instagram: /Â faisalshabbiir /Â faisalshabbiir  Twitter: /Â faisalshabbiir /Â faisalshabbiir  Facebook: /Â imfaisalshabbir /Â imfaisalshabbir  Tiktok: /Â imfaisalshabbir /Â imfaisalshabbir  Hey Guys!  Have you heard about DeepSeek AI? Itâ€™s a free AI model of China thatâ€™s making waves in the tech world and even shook the global markets! ğŸš€  Hey Guys!  Have you heard about DeepSeek AI? Itâ€™s a free AI model of China thatâ€™s making waves in the tech world and even shook the global markets! ğŸš€ Hey Guys!  Have you heard about DeepSeek AI? Itâ€™s a free AI model of China thatâ€™s making waves in the tech world and even shook the global markets! ğŸš€  â€¦   DivKid Rinse Repeat Rinse Repeat   Music Show transcript  Videos  About   Videos  About  15:14 5:30","Jan 30, 2025",https://www.youtube.com/watch?v=-c-cO1JNpqU&pp=ygUIZGVlcHNlZWs%3D,https://www.youtube.com/@FaisalShabbir
DeepSeek Vs ChatGPT For AI Content Creators | What's Best for Ai Video in 2025 | Live AI War,Unseen Tech,"24,414 views",9:51,"ChatGPT Vs DeepSeek For AI Content Creators | What's Best for Ai Video | Live AI War

Join this channel to get access to perks:
Â Â Â /Â @unseentechyÂ Â 

â–â–â–â–â–â–â–â–â–â–â–â–â–â–â–â–â–
join telegram - https://telegram.dog/unseentechy

ğŸ—£ï¸ Follow me on Instagram ğŸ™‚ - Â Â /Â unseentechyÂ Â 
â–â–â–â–â–â–â–â–â–â–â–â–â–â–â–â–â–
âœ‰ï¸Sponsorship & Business Enquiryâ†™ï¸
unseengyaan@gmail.com

â–â–â–â–â–â–â–â–â–â–â–â–â–â–â–â–â–
Second channel for All trend Lovers - 1 Minute Editing  
Â Â Â /Â @1minuteeditingÂ Â 

Tech video editing - 
1 . Â Â Â â€¢Â TechÂ VideoÂ EditingÂ InÂ MobileÂ (Capcut)...Â Â 
2 . Â Â Â â€¢Â ViralÂ TechÂ VideoÂ EditingÂ SECRETÂ |Â Mob...Â Â 
â–â–â–â–â–â–â–â–â–â–â–â–â–â–â–â–â–
All Editing Materials - https://drive.google.com/drive/folder...

If above Link not work - https://drive.google.com/file/d/1o4kd...
â–â–â–â–â–â–â–â–â–â–â–â–â–â–â–â–â–
MY GEDGETS --
HEADPHONE - https://amzn.openinapp.co/HEADPHONE
LAPTOP - https://amzn.openinapp.co/wno6f  ( I USE FOR EDITING)
MIC - https://amzn.openinapp.co/80s4t

#artificialintelligence #ai #aitools #editing #youtubegrowth #instgramgrowth
Time Stamp - 

00:00 Intro
00:30 Comparison points
00:53 Pricing
01:12 YT Video Ideas
02:15 AI Story Video Script
03:40 Image Prompt
05:00 Script Correction
06:04 More Updated
07:00 Daily Life Usage


In This Video I Used Voice From - Elevenlabs Ai website


chatgpt, deepseek ai, deepseek vs chatgpt, how to use chatgpt, chatgpt tutorial for beginners, ai, how to use deepseek ai, chatgpt vs deepseek, deepseek for content creation, deepseek for ai videos, deepseek for coding, chatgpt vs deepseek comparison, deepseek in hindi, deepseek r1 how to use, how to use deepseek, deepseek is safe or not, deepseek is better than chatgpt, deepseek ai ko kaise use kare, deepseek kaise use kare, chatgpt or deepseek, deepseek ko kaise istemal karen ChatGPT Vs DeepSeek For AI Content Creators | What's Best for Ai Video | Live AI War

Join this channel to get access to perks: /Â @unseentechy /Â @unseentechy  â–â–â–â–â–â–â–â–â–â–â–â–â–â–â–â–â–
join telegram - https://telegram.dog/unseentechy ğŸ—£ï¸ Follow me on Instagram ğŸ™‚ - /Â unseentechy /Â unseentechy  â–â–â–â–â–â–â–â–â–â–â–â–â–â–â–â–â–
âœ‰ï¸Sponsorship & Business Enquiryâ†™ï¸
unseengyaan@gmail.com

â–â–â–â–â–â–â–â–â–â–â–â–â–â–â–â–â–
Second channel for All trend Lovers - 1 Minute Editing /Â @1minuteediting /Â @1minuteediting  Tech video editing - 
1 . â€¢Â TechÂ VideoÂ EditingÂ InÂ MobileÂ (Capcut)... â€¢Â TechÂ VideoÂ EditingÂ InÂ MobileÂ (Capcut)...  2 . â€¢Â ViralÂ TechÂ VideoÂ EditingÂ SECRETÂ |Â Mob... â€¢Â ViralÂ TechÂ VideoÂ EditingÂ SECRETÂ |Â Mob...  â–â–â–â–â–â–â–â–â–â–â–â–â–â–â–â–â–
All Editing Materials - https://drive.google.com/drive/folder... If above Link not work - https://drive.google.com/file/d/1o4kd... â–â–â–â–â–â–â–â–â–â–â–â–â–â–â–â–â–
MY GEDGETS --
HEADPHONE - https://amzn.openinapp.co/HEADPHONE LAPTOP - https://amzn.openinapp.co/wno6f ( I USE FOR EDITING)
MIC - https://amzn.openinapp.co/80s4t  #artificialintelligence  #ai  #aitools  #editing  #youtubegrowth  #instgramgrowth Time Stamp - 00:00 Intro 00:30 Comparison points 00:53 Pricing 01:12 YT Video Ideas 02:15 AI Story Video Script 03:40 Image Prompt 05:00 Script Correction 06:04 More Updated 07:00 Daily Life Usage


In This Video I Used Voice From - Elevenlabs Ai website


chatgpt, deepseek ai, deepseek vs chatgpt, how to use chatgpt, chatgpt tutorial for beginners, ai, how to use deepseek ai, chatgpt vs deepseek, deepseek for content creation, deepseek for ai videos, deepseek for coding, chatgpt vs deepseek comparison, deepseek in hindi, deepseek r1 how to use, how to use deepseek, deepseek is safe or not, deepseek is better than chatgpt, deepseek ai ko kaise use kare, deepseek kaise use kare, chatgpt or deepseek, deepseek ko kaise istemal karen ChatGPT Vs DeepSeek For AI Content Creators | What's Best for Ai Video | Live AI War

Join this channel to get access to perks:  ChatGPT Vs DeepSeek For AI Content Creators | What's Best for Ai Video | Live AI War

Join this channel to get access to perks: ChatGPT Vs DeepSeek For AI Content Creators | What's Best for Ai Video | Live AI War

Join this channel to get access to perks:  â€¦ View all   Show transcript  Videos  About   Videos  About  18:36 10:47 14:01","Feb 14, 2025",https://www.youtube.com/watch?v=3Ga8hu4PXhw&pp=ygUIZGVlcHNlZWs%3D,https://www.youtube.com/@unseentechy
How to Earn with DeepSeek AI | Create a Tool Website Using Deepseek AIâœ… DeepSeek R1,90s Mentor,"32,092 views",20:24,"Get your Hosting : https://dskills.online/
ğŸ“¢ How to Earn from DeepSeek AI | Create & Monetize a Tool Website! ğŸš€ğŸ’°

Want to make money online using DeepSeek AI? ğŸ¤–ğŸ’¡ In this video, Iâ€™ll show you how to create a free tool website using DeepSeek AI and monetize it for passive income! ğŸ”¥ğŸ’»

ğŸ”¹ What Youâ€™ll Learn:
âœ… How to set up a tool website with DeepSeek AI ğŸ› ï¸
âœ… Best monetization strategies for maximum earnings ğŸ’°
âœ… SEO tips to drive free traffic ğŸš€
âœ… How to start making $50+ per day online! ğŸ“ˆ

ğŸ”¥ No coding required! Perfect for beginners looking to start an online business.

ğŸ“Œ Donâ€™t forget to LIKE ğŸ‘, COMMENT ğŸ’¬, and SUBSCRIBE ğŸ”” for more online earning tips!

You Have Landed on right Video if You are Looking For

deepseek
deepseek ai
nvidia deepseek
Ai News
Earn Money Online
Make Money Online
Tool Weebsite
Deepseek R1 Se Paise Kaise Kamaye
DeepSeek R1 Coding
DeepSeek R1 Website
DeepSeek R1 Tool Website


#DeepSeekAI #MakeMoneyOnline #PassiveIncome #ToolWebsite #WordPress #Onlin Get your Hosting : https://dskills.online/ ğŸ“¢ How to Earn from DeepSeek AI | Create & Monetize a Tool Website! ğŸš€ğŸ’°

Want to make money online using DeepSeek AI? ğŸ¤–ğŸ’¡ In this video, Iâ€™ll show you how to create a free tool website using DeepSeek AI and monetize it for passive income! ğŸ”¥ğŸ’»

ğŸ”¹ What Youâ€™ll Learn:
âœ… How to set up a tool website with DeepSeek AI ğŸ› ï¸
âœ… Best monetization strategies for maximum earnings ğŸ’°
âœ… SEO tips to drive free traffic ğŸš€
âœ… How to start making $50+ per day online! ğŸ“ˆ

ğŸ”¥ No coding required! Perfect for beginners looking to start an online business.

ğŸ“Œ Donâ€™t forget to LIKE ğŸ‘, COMMENT ğŸ’¬, and SUBSCRIBE ğŸ”” for more online earning tips!

You Have Landed on right Video if You are Looking For

deepseek
deepseek ai
nvidia deepseek
Ai News
Earn Money Online
Make Money Online
Tool Weebsite
Deepseek R1 Se Paise Kaise Kamaye
DeepSeek R1 Coding
DeepSeek R1 Website
DeepSeek R1 Tool Website #DeepSeekAI  #MakeMoneyOnline  #PassiveIncome  #ToolWebsite  #WordPress  #Onlin Get your Hosting : https://dskills.online/
ğŸ“¢ How to Earn from DeepSeek AI | Create & Monetize a Tool Website! ğŸš€ğŸ’°  Get your Hosting : https://dskills.online/
ğŸ“¢ How to Earn from DeepSeek AI | Create & Monetize a Tool Website! ğŸš€ğŸ’° Get your Hosting : https://dskills.online/ ğŸ“¢ How to Earn from DeepSeek AI | Create & Monetize a Tool Website! ğŸš€ğŸ’°  â€¦ Show transcript  Videos  About   Videos  About  13 ","Feb 11, 2025",https://www.youtube.com/watch?v=FftV0cBAUjU&pp=ygUIZGVlcHNlZWs%3D,https://www.youtube.com/@90sMentor
Deepseek Destroys American AI | How China Is Winning The Tech War | Where Is India? | Akash Banerjee,The Deshbhakt,"2,257,080 views",23:59,"Deepseek AI and its massive fallout on US Tech industry has been the talk of town - but this is NOT JUST about Artificial Intelligence.... China has been building on a WAR FOOTING IN EVERY technological frontier .... and it's getting better than USA very fast.

How did this happen? How did China leapfrog so quickly? What does this mean for the US - China tech race and where did India get left behind in all this???? 

Will we wake up now or keep digging??? 

ğŸ‡®ğŸ‡³ SUBSCRIBE FOR MORE VIDEOS ğŸ‡®ğŸ‡³  - Â Â Â /Â thedeshbhaktÂ Â  â–¶ï¸ 

â›”ï¸  BECOME AN ANNUAL DESHBHAKT MEMBER - Â Â /Â thedeshbhaktÂ Â  â›”ï¸ 
Unlock MEMBER ONLY: 1) Chats 2) Discord Server 3) Special Episodes 
OR
Join this channel on You Tube to get access to perks:
Â Â Â /Â @thedeshbhaktÂ Â 

ğŸ‘• DESHBHAKT MERCH - India's First Line of Socially & Politically aware tees ğŸ‘•
https://kadakmerch.com/collections/th...

ğŸ“§ BUSINESS ENQUIRIES - contact (at) thedeshbhakt (dot) in ğŸ“§ 

** SUBSCRIBE / FOLLOW US **  
YouTube: - Â Â Â /Â thedeshbhaktÂ Â 
Twitter :- Â Â /Â thedeshbhaktÂ Â 
Instagram :- Â Â /Â akashbanerjee.inÂ Â 
Facebook :- Â Â /Â akashbanerjee.inÂ Â 

Credits-
DOP- Mehul soni
Editor- Khurseed, Mehul
Thumbnail- Khurseed

#deepseek #artificalintelligence #chinavsindia Deepseek AI and its massive fallout on US Tech industry has been the talk of town - but this is NOT JUST about Artificial Intelligence.... China has been building on a WAR FOOTING IN EVERY technological frontier .... and it's getting better than USA very fast.

How did this happen? How did China leapfrog so quickly? What does this mean for the US - China tech race and where did India get left behind in all this???? 

Will we wake up now or keep digging??? 

ğŸ‡®ğŸ‡³ SUBSCRIBE FOR MORE VIDEOS ğŸ‡®ğŸ‡³  - /Â thedeshbhakt /Â thedeshbhakt  â–¶ï¸ 

â›”ï¸  BECOME AN ANNUAL DESHBHAKT MEMBER - /Â thedeshbhakt /Â thedeshbhakt  â›”ï¸ 
Unlock MEMBER ONLY: 1) Chats 2) Discord Server 3) Special Episodes 
OR
Join this channel on You Tube to get access to perks: /Â @thedeshbhakt /Â @thedeshbhakt  ğŸ‘• DESHBHAKT MERCH - India's First Line of Socially & Politically aware tees ğŸ‘• https://kadakmerch.com/collections/th... ğŸ“§ BUSINESS ENQUIRIES - contact (at) thedeshbhakt (dot) in ğŸ“§ ** SUBSCRIBE / FOLLOW US ** YouTube: - /Â thedeshbhakt /Â thedeshbhakt  Twitter :- /Â thedeshbhakt /Â thedeshbhakt  Instagram :- /Â akashbanerjee.in /Â akashbanerjee.in  Facebook :- /Â akashbanerjee.in /Â akashbanerjee.in  Credits-
DOP- Mehul soni
Editor- Khurseed, Mehul
Thumbnail- Khurseed #deepseek  #artificalintelligence  #chinavsindia Deepseek AI and its massive fallout on US Tech industry has been the talk of town - but this is NOT JUST about Artificial Intelligence.... China has been building on a WAR FOOTING IN EVERY technological frontier .... and it's getting better than USA very fast.  Deepseek AI and its massive fallout on US Tech industry has been the talk of town - but this is NOT JUST about Artificial Intelligence.... China has been building on a WAR FOOTING IN EVERY technological frontier .... and it's getting better than USA very fast. Deepseek AI and its massive fallout on US Tech industry has been the talk of town - but this is NOT JUST about Artificial Intelligence.... China has been building on a WAR FOOTING IN EVERY technological frontier .... and it's getting better than USA very fast.  â€¦ Show transcript  Videos  About   Videos  About  20:23 22:40 11:12","Jan 28, 2025",https://www.youtube.com/watch?v=naJO1zxB6_Q&pp=ygUIZGVlcHNlZWs%3D,https://www.youtube.com/@thedeshbhakt
Sorry Nvidia.. M4 Ultra Mac Studio + DeepSeek = Trouble!,Max Tech,"68,501 views",9:00,"Apple's M4 Ultra Mac Studio is coming SOONER than you think, and it's about to deliver a MASSIVE blow to Nvidia including their upcoming DIGITS Mini PC and RTX 5090 GPU. Let me explain!
THIS is the M4 Series Mac you should buy right now â¡ https://geni.us/AjyWC

M4 iMac 24"" â¡ https://geni.us/Fi24Abc
M4 Mac mini â¡ https://geni.us/PaBL3Z
M4 14"" MacBook Pro â¡ https://geni.us/z6J4
14"" M4 Pro/Max MacBook Pro â¡ https://geni.us/AjyWC
16"" M4 Pro/Max MacBook Pro â¡ https://geni.us/g0bpcUX
M3 MacBook Air 13"" â¡ https://geni.us/NmOB
M3 MacBook Air 15"" â¡ https://geni.us/kMpdm




~~~~~~~~~~~~~~~~~~~~~~~~~~~~~~~~~~~
Shop on Amazon â¡ https://geni.us/wB2mWqd
Shop on B&H â¡ https://bhpho.to/2kfoI34
Shop on Adorama â¡ https://bit.ly/2R7qezq 

10% off unlimited yearly music licensing on Soundstripe (what I use for all my videos) use coupon code ""Max"" here: http://soundstripe.grsm.io/e/6lv

If you enjoy our content please consider supporting us on Patreon. Even $2 a month helps us make more and better content for you!
Â Â /Â maxyuryevÂ Â 
~-~~-~~~-~~-~
PRIVACY POLICY and FULL DISCLOSURE:
Â°Max Tech is a participant in the Amazon Services LLC Associates Program, an affiliate advertising program designed to provide a means for sites to earn advertising fees  by advertising and linking to amazon.com
Â°Max Tech is a participant in the B&H Photo Video affiliate program that provides an advertising commission if you purchase through our links. 
Â°If you purchase something from our affiliate links will get a small commission with no extra cost to you. This makes it possible for us to make more videos. Thank you! 
Â°We DO NOT collect, store, use, or share any data about you.
~-~~-~~~-~~-~ Apple's M4 Ultra Mac Studio is coming SOONER than you think, and it's about to deliver a MASSIVE blow to Nvidia including their upcoming DIGITS Mini PC and RTX 5090 GPU. Let me explain!
THIS is the M4 Series Mac you should buy right now â¡ https://geni.us/AjyWC M4 iMac 24"" â¡ https://geni.us/Fi24Abc M4 Mac mini â¡ https://geni.us/PaBL3Z M4 14"" MacBook Pro â¡ https://geni.us/z6J4 14"" M4 Pro/Max MacBook Pro â¡ https://geni.us/AjyWC 16"" M4 Pro/Max MacBook Pro â¡ https://geni.us/g0bpcUX M3 MacBook Air 13"" â¡ https://geni.us/NmOB M3 MacBook Air 15"" â¡ https://geni.us/kMpdm ~~~~~~~~~~~~~~~~~~~~~~~~~~~~~~~~~~~
Shop on Amazon â¡ https://geni.us/wB2mWqd Shop on B&H â¡ https://bhpho.to/2kfoI34 Shop on Adorama â¡ https://bit.ly/2R7qezq 10% off unlimited yearly music licensing on Soundstripe (what I use for all my videos) use coupon code ""Max"" here: http://soundstripe.grsm.io/e/6lv If you enjoy our content please consider supporting us on Patreon. Even $2 a month helps us make more and better content for you! /Â maxyuryev /Â maxyuryev   ~-~~-~~~-~~-~ PRIVACY POLICY and FULL DISCLOSURE:
Â°Max Tech is a participant in the Amazon Services LLC Associates Program, an affiliate advertising program designed to provide a means for sites to earn advertising fees  by advertising and linking to amazon.com
Â°Max Tech is a participant in the B&H Photo Video affiliate program that provides an advertising commission if you purchase through our links. 
Â°If you purchase something from our affiliate links will get a small commission with no extra cost to you. This makes it possible for us to make more videos. Thank you! 
Â°We DO NOT collect, store, use, or share any data about you. ~-~~-~~~-~~-~ Apple's M4 Ultra Mac Studio is coming SOONER than you think, and it's about to deliver a MASSIVE blow to Nvidia including their upcoming DIGITS Mini PC and RTX 5090 GPU. Let me explain!
THIS is the M4 Series Mac you should buy right now â¡ https://geni.us/AjyWC  Apple's M4 Ultra Mac Studio is coming SOONER than you think, and it's about to deliver a MASSIVE blow to Nvidia including their upcoming DIGITS Mini PC and RTX 5090 GPU. Let me explain!
THIS is the M4 Series Mac you should buy right now â¡ https://geni.us/AjyWC Apple's M4 Ultra Mac Studio is coming SOONER than you think, and it's about to deliver a MASSIVE blow to Nvidia including their upcoming DIGITS Mini PC and RTX 5090 GPU. Let me explain!
THIS is the M4 Series Mac you should buy right now â¡ https://geni.us/AjyWC  â€¦ How this content was made Auto-dubbed Audio tracks for some languages were automatically generated. Learn more Learn more Show transcript  Videos  About   Videos  About ","Feb 13, 2025",https://www.youtube.com/watch?v=0sU3z7OSalw&pp=ygUIZGVlcHNlZWs%3D,https://www.youtube.com/@MaxTechOfficial
NVIDIA made its own Devin copy with DEEPSEEK R1!!!,1littlecoder,"11,689 views",6:53,"Here's how Nvidia engineers built a system using Deepseek R1 that was better than a human programer! 

Automating GPU Kernel Generation with DeepSeek-R1 and Inference Time Scaling

https://developer.nvidia.com/blog/aut...


â¤ï¸ If you want to support the channel â¤ï¸
Support here:
Patreon - Â Â /Â 1littlecoderÂ Â 
Ko-Fi - https://ko-fi.com/1littlecoder

ğŸ§­ Follow me on ğŸ§­
Twitter - Â Â /Â 1littlecoder Here's how Nvidia engineers built a system using Deepseek R1 that was better than a human programer! 

Automating GPU Kernel Generation with DeepSeek-R1 and Inference Time Scaling https://developer.nvidia.com/blog/aut... â¤ï¸ If you want to support the channel â¤ï¸
Support here:
Patreon - /Â 1littlecoder /Â 1littlecoder  Ko-Fi - https://ko-fi.com/1littlecoder ğŸ§­ Follow me on ğŸ§­
Twitter - /Â 1littlecoder /Â 1littlecoder  Here's how Nvidia engineers built a system using Deepseek R1 that was better than a human programer!  Here's how Nvidia engineers built a system using Deepseek R1 that was better than a human programer! Here's how Nvidia engineers built a system using Deepseek R1 that was better than a human programer!  â€¦ 1littlecoder tagged products below.       Show transcript  Videos  About   Videos  About  14:19 14:34","Feb 14, 2025",https://www.youtube.com/watch?v=mM4NWS3o2Lo&pp=ygUIZGVlcHNlZWs%3D,https://www.youtube.com/@1littlecoder
